Feature.ID	Kingdom	Phylum	Class	Order	Family	Genus	Species
ATTGAACGCTGGCGGCATGCTTTACACATGCAAGTCGGACGGCAGCACAGAGAAGCTTGCTTCTCGGGTGGCGAGTGGCGAACGGGTGAGTAACATATCGGAACGTACCGAGTAGTGGGGGATAACTGATCGAAAGATCAGCTAATACCGCATACGTCTTGAGAGAGAAAGCAGGGGACCTTCGGGCCTTGCGCTATTCGAGCGGCCGATATCTGATTAGCTAGTTGGTGGGGTAAAGGCCTACCAAGGCGACGATCAGTAGCGGGTCTGAGAGGATGATCCGCCACACTGGGACTGAGA	d__Bacteria	p__Pseudomonadota	c__Gammaproteobacteria	o__Burkholderiales	f__Neisseriaceae	g__Neisseria_563205	s__meningitidis
GATGAACGCTGGCGGCGTGCCTAATACATGCAAGTCGAGCGAATGGATTAAGAGCTTGCTCTTATGAAGTTAGCGGCGGACGGGTGAGTAACACGTGGGTAACCTGCCCATAAGACTGGGATAACTCCGGGAAACCGGGGCTAATACCGGATAACATTTTGAACCGCATGGTTCGAAATTGAAAGGCGGCTTCGGCTGTCACTTATGGATGGACCCGCGTCGCATTAGCTAGTTGGTGAGGTAACGGCTCACCAAGGCAACGATGCGTAGCCGACCTGAGAGGGTGATCGGCCACACTGG	d__Bacteria	p__Bacillota_I	c__Bacilli_A	o__Bacillales_B_310392	f__Bacillaceae_G	g__Bacillus_A	s__anthracis
GACGAACGCTGGCGGCGTGCTTAACACATGCAAGTCGAGCGATGAAGCTCCTTCGGGAGTGGATTAGCGGCGGACGGGTGAGTAACACGTGGGTAACCTGCCTCATAGAGGGGAATAGCCTTTCGAAAGGAAGATTAATACCGCATAAGATTGTAGTGCCGCATGGCATAGCAATTAAAGGAGTAATCCGCTATGAGATGGACCCGCGTCGCATTAGCTAGTTGGTGAGGTAACGGCTCACCAAGGCGACGATGCGTAGCCGACCTGAGAGGGTGATCGGCCACATTGGGACTGAGACAC	d__Bacteria	p__Bacillota_A_368345	c__Clostridia_258483	o__Clostridiales	f__Clostridiaceae_222000	g__Clostridium_T	s__beijerinckii
GACGAACGCTGGCGGCGTGCCTAATACATGCAAGTAGAACGCTGAAGGAGGAGCTTGCTTCTCTGGATGAGTTGCGAACGGGTGAGTAACGCGTAGGTAACCTGCCTGGTAGCGGGGGATAACTATTGGAAACGATAGCTAATACCGCATAAGAGTAGATGTTGCATGACATTTGCTTAAAAGGTGCACTTGCATCACTACCAGATGGACCTGCGTTGTATTAGCTAGTTGGTGGGGTAACGGCTCACCAAGGCGACGATACATAGCCGACCTGAGAGGGTGATCGGCCACACTGGGACT	d__Bacteria	p__Bacillota_I	c__Bacilli_A	o__Lactobacillales	f__Streptococcaceae	g__Streptococcus	s__pneumoniae
GACGAACGCTGGCGGCGTGCCTAATACATGCAAGTCGAGCGAGCTTGCCTAGATGAATTTGGTGCTTGCACCAGATGAAACTAGATACAAGCGAGCGGCGGACGGGTGAGTAACACGTGGGTAACCTGCCCAAGAGACTGGGATAACACCTGGAAACAGATGCTAATACCGGATAACAACACTAGACGCATGTCTAGAGTTTAAAAGATGGTTCTGCTATCACTCTTGGATGGACCTGCGGTGCATTAGCTAGTTGGTAAGGTAACGGCTTACCAAGGCAATGATGCATAGCCGAGTTGA	d__Bacteria	p__Bacillota_I	c__Bacilli_A	o__Lactobacillales	f__Lactobacillaceae	g__Lactobacillus	s__paragasseri
GACGAACGCTGGCGGCGTGCTTAACACATGCAAGTCGAGCGATGAAGCTCCTTCGGGAGCGGATTAGCGGCGGACGGGTGAGTAACACGTGGGTAACCTGCCTCATAGAGGGGAATAGCCTTTCGAAAGGAAGATTAATACCGCATAAGATTGTAGTGCCGCATGGCATAGCAATTAAAGGAGTAATCCGCTATGAGATGGACCCGCGTCGCATTAGCTAGTTGGTGAGGTAACGGCTCACCAAGGCGACGATGCGTAGCCGACCTGAGAGGGTGATCGGCCACATTGGGACTGAGACAC	d__Bacteria	p__Bacillota_A_368345	c__Clostridia_258483	o__Clostridiales	f__Clostridiaceae_222000	g__Clostridium_T	s__beijerinckii
GATGAACGCTAGCGATAGGCTTAACACATGCAAGTCGAGGGGCAGCATGATCTTAGCTTGCTAAGGTTGATGGCGACCGGCGCACGGGTGCGTAACGCGTATGCAACTTGCCTTACAGAGGGGGATAACCCGTTGAAAGACGGACTAAAACCGCATACACTTGTATTATTGCATGATATTACAAGGAAATATTTATAGCTGTAAGATAGGCATGCGTCCCATTAGCTAGTTGGTGAGGTAACGGCTCACCAAGGCGACGATGGGTAGGGGAACTGAGAGGTTTATCCCCCACACTGGTAC	d__Bacteria	p__Bacteroidota	c__Bacteroidia	o__Bacteroidales	f__Porphyromonadaceae	g__Porphyromonas_A	s__gingivalis
GACGAACGCTGGCGGCGTGCCTAATACATGCAAGTCGAACGAACGGAGGAAGAGCTTGCTCTTCCAAAGTTAGTGGCGGACGGGTGAGTAACACGTGGGCAACCTGCCTGTAAGTTGGGGATAACTCCGGGAAACCGGGGCTAATACCGAATGATAAAGTGTGGCGCATGCCACGCTTTTGAAAGATGGTTTCGGCTATCGCTTACAGATGGGCCCGCGGTGCATTAGCTAGTTGGTAGGGTAATGGCCTACCAAGGCAACGATGCATAGCCGACCTGAGAGGGTGATCGGCCACACTGG	d__Bacteria	p__Bacillota_I	c__Bacilli_A	o__Lactobacillales	f__Listeriaceae	g__Listeria_A	s__monocytogenes_B_319916
GACGAACGCTGGCGGCGTGCCTAATACATGCAAGTCGAACGAACGGAGGAAGAGCTTGCTCTTCCAATGTTAGTGGCGGACGGGTGAGTAACACGTGGGCAACCTGCCTGTAAGTTGGGGATAACTCCGGGAAACCGGGGCTAATACCGAATGATAAGATGTGGCGCATGCCACGCCTTTGAAAGATGGTTTCGGCTATCGCTTACAGATGGGCCCGCGGTGCATTAGCTAGTTGGTAGGGTAATGGCCTACCAAGGCAACGATGCATAGCCGACCTGAGAGGGTGATCGGCCACACTGG	d__Bacteria	p__Bacillota_I	c__Bacilli_A	o__Lactobacillales	f__Listeriaceae	g__Listeria_A	s__marthii
GACGAACGCTGGCGGCGTGCTTAACACATGCAAGTCGAGCGATGAAGTTCCTTCGGGAACGGATTAGCGGCGGACGGGTGAGTAACACGTGGGTAACCTGCCTCATAGAGGGGAATAGCCTTTCGAAAGGAAGATTAATACCGCATAAGATTGTAGTGCCGCATGGCATAGCAATTAAAGGAGTAATCCGCTATGAGATGGACCCGCGTCGCATTAGCTAGTTGGTGAGGTAACGGCTCACCAAGGCGACGATGCGTAGCCGACCTGAGAGGGTGATCGGCCACATTGGGACTGAGACAC	d__Bacteria	p__Bacillota_A_368345	c__Clostridia_258483	o__Clostridiales	f__Clostridiaceae_222000	g__Clostridium_T	s__beijerinckii
GACGAACGCTGGCGGCGTGCTTAACACATGCAAGTCGAGCGATGAAGCTCCTTCGGGAGTGGATTAGCGGCGGACGGGTGAGTAACACGTGGGTAACCTGCCTCATAGAGGGGAATAGCCTTTCGAAAGGAAGATTAATACCGCATAAGATTGTAGTGCCGCATGGCATAGCAATTAAAGGAGTAATCCGCTATGAGATGGACCCGCGTCGCATTAGCTAGTTGGTGAGGCAACGGCTCACCAAGGCGACGATGCGTAGCCGACCTGAGAGGGTGATCGGCCACATTGGGACTGAGACAC	d__Bacteria	p__Bacillota_A_368345	c__Clostridia_258483	o__Clostridiales	f__Clostridiaceae_222000	g__Clostridium_T	s__beijerinckii
GACGAACGCTGGCGGCGTGCTTAACACATGCAAGTCGAGCGATGAAGTTCCTTCGGGAACGGATTAGCGGCGGACGGGTGAGTAACACGTGGGTAACCTGCCTCATAGAGGGGAATAGCCTTTCGAAAGGAAGATTAATACCGCATAAGATTGTAGTGCCACATGGCATAGCAATTAAAGGAGTAATCCGCTATGAGATGGACCCGCGTCGCATTAGCTAGTTGGTGAGGTAACGGCTCACCAAGGCGACGATGCGTAGCCGACCTGAGAGGGTGATCGGCCACATTGGGACTGAGACAC	d__Bacteria	p__Bacillota_A_368345	c__Clostridia_258483	o__Clostridiales	f__Clostridiaceae_222000	g__Clostridium_T	s__beijerinckii
GACGAACGCTGGCGGCGTGCTTAACACATGCAAGTCGAACGGAAAGGCCCTGCTTTTGTGGGGTGCTCGAGTGGCGAACGGGTGAGTAACACGTGAGTAACCTGCCCTTGACTTTGGGATAACTTCAGGAAACTGGGGCTAATACCGGATAGGAGCTCCTGCTGCATGGTGGGGGTTGGAAAGTTTCGGCGGTTGGGGATGGACTCGCGGCTTATCAGCTTGTTGGTGGGGTAGTGGCTTACCAAGGCTTTGACGGGTAGCCGGCCTGAGAGGGTGACCGGCCACATTGGGACTGAGATA	d__Bacteria	p__Actinomycetota	c__Actinomycetes	o__Propionibacteriales	f__Propionibacteriaceae	g__Cutibacterium	s__acnes
GACGAACGCTGGCGGCGTGCTTAACACATGCAAGTCGAGCGATGAAGTTCCTTCGGGAATGGATTAGCGGCGGACGGGTGAGTAACACGTGGGTAACCTGCCTCATAGAGGGGAATAGCCTTTCGAAAGGAAGATTAATACCGCATAAGATTGTAGTGCCGCATGGCATAGCAATTAAAGGAGTAATCTGCTATGAGATGGACCCGCGTCGCATTAGCTAGTTGGTGAGGTAACGGCTCACCAAGGCGACGATGCGTAGCCGACCTGAGAGGGTGATCGGCCACATTGGGACTGAGACAC	d__Bacteria	p__Bacillota_A_368345	c__Clostridia_258483	o__Clostridiales	f__Clostridiaceae_222000	g__Clostridium_T	s__beijerinckii
GACGAACGCTGGCGGCGTGCTTAACACATGCAAGTCGAGCGATGAAGCTCCTTCGGGAGCGGATTAGCGGCGGACGGGTGAGTAACACGTGGGTAACCTGCCTCATAGAGTGGAATAGCCTTTCGAAAGGAAGATTAATACCGCATAAGATTGTAGTGCCGCATGGCATAGCAATTAAAGGAGTAATCCGCTATGAGATGGACCCGCGTCGCATTAGCTAGTTGGTGAGGTAACGGCTCACCAAGGCGACGATGCGTAGCCGACCTGAGAGGGTGATCGGCCACATTGGGACTGAGACAC	d__Bacteria	p__Bacillota_A_368345	c__Clostridia_258483	o__Clostridiales	f__Clostridiaceae_222000	g__Clostridium_T	s__beijerinckii
GACGAACGCTGGCGGCGTGCTTAACACATGCAAGTCGAGCGATGAAGCTCCTTCGGGAGTGGATTAGCGGCGGACGGGTGAGTAACACGTGGGTAACCTGCCTCATAGAGGGGAATAGCCTTCCGAAAGGAAGATTAATACCGCATAAGATTGTAGTGCCGCATGGCATAGCAATTAAAGGAGTAATCCGTTATGAGATGGACCCGCGTCGCATTAGCTAGTTGGTGAGGTAACGGCTCACCAAGGCGACGATGCGTAGCCGACCTGAGAGGGTGATCGGCCACATTGGGACTGAGACAC	d__Bacteria	p__Bacillota_A_368345	c__Clostridia_258483	o__Clostridiales	f__Clostridiaceae_222000	g__Clostridium_T	s__beijerinckii
GACGAACGCTGGCGGCGTGCTTAACACATGCAAGTCGAGCGATGAAATTCCTTCGGGAATAGATTAGCGGCGGACGGGTGAGTAACACGTGGGTAACCTGCCTCATAGAGGGGAATAGCCTTTCGAAAGGAAGATTAATACCGCATAAGATTGTAGTGTCGCATGGCATAGCAATTAAAGGAGTAATCCGCTATGAGATGGACCCGCGTCGCATTAGCTAGTTGGTGAGGTAACGGCTCACCAAGGCGACGATGCGTAGCCGACCTGAGAGGGTGATCGGCCACATTGGGACTGAGACAC	d__Bacteria	p__Bacillota_A_368345	c__Clostridia_258483	o__Clostridiales	f__Clostridiaceae_222000	g__Clostridium_T	s__beijerinckii
GACGAACGCTGGCGGCGTGCTTAACACATGCAAGTCGAGCGATGAAGCTCCTTCGGGAGTGGATTAGCGGCGGACGGGTGAGTAACACGTGGGTAACCTGCCTCATAGAGGGGAATAGCCTTTCGAAAGGAAGATTAATACCGCATAAGATTGTAGTGCCGCATGGTATAGCAATTAAAGGAGTAATCCGCTATGAGATGGACCCGCGTCGCATTAGCTAGTTGGTGAGGTAACGGCTCACCAAGGCGACGATGCGTAGCCGACCTGAGAGGGTGATCGGCCACATTGGGACTGAGACAC	d__Bacteria	p__Bacillota_A_368345	c__Clostridia_258483	o__Clostridiales	f__Clostridiaceae_222000	g__Clostridium_T	s__beijerinckii
GACGAACGCTGGCGGCGTGCTTAACACATGCAAGTCGAGCGATGAAGCTCCTTCGGGAGTGAATTAGCGGCGGACGGGTGAGTAACACGTGGGTAACCTGCCTCATAGAGGGGAATAGCCTTCCGAAAGGAAGATTAATACCGCATAAGATTGTAGTGCCGCATGGCATAGCAATTAAAGGAGTAATCCGCTATGAGATGGACCCGCGTCGCATTAGCTAGTTGGTGAGGTAACGGCTCACCAAGGCGACGATGCGTAGCCGACCTGAGAGGGTGATCGGCCACATTGGGACTGAGACAC	d__Bacteria	p__Bacillota_A_368345	c__Clostridia_258483	o__Clostridiales	f__Clostridiaceae_222000	g__Clostridium_T	s__beijerinckii
GACGAACGCTGGCGGCGTGCCTAATACATGCAAGTCGAACGAACGGAGGAAGAGCTTGCTCTTCCAAAGTTAGTGGCGGACGGGTGAGTAACACGTGGGCAACCTGCCTGTAAGTTGGGGATAACTCCGGGAAACCGGGGCTAATACCGAATGATAGAATGTGGCGCATGCCACGCTTTTGAAAGATGGTTTCGGCTATCGCTTACAGATGGGCCCGCGGTGCATTAGCTAGTTGGTAGGGTAATGGCCTACCAAGGCAACGATGCATAGCCGACCTGAGAGGGTGATCGGCCACACTGG	d__Bacteria	p__Bacillota_I	c__Bacilli_A	o__Lactobacillales	f__Listeriaceae	g__Listeria_A	s__marthii
GACGAACGCTGGCGGCGTGCTTAACACATGCAAGTCGAACGCTGAAGCCCAGCTTGCTGGGTGGATGAGTGGCGAACGGGTGAGTAACACGTGAGTAACCTGCCCCCTTCTTTGGGATAACGCCCGGAAACGGGTGCTAATACTGGATATTCACTGATCTTCGCATGGGGGTTGGTGGAAAGGTTTTTTCTGGTGGGGGATGGGCTCGCGGCCTATCAGCTTGTTGGTGGGGTGATGGCCTACCAAGGCTTTGACGGGTAGCCGGCCTGAGAGGGTGACCGGTCACATTGGGACTGAGAT	d__Bacteria	p__Actinomycetota	c__Actinomycetes	o__Actinomycetales	f__Actinomycetaceae	g__Pauljensenia	NA
GATGAACGCTGGCGGCGTGCCTAATACATGCAAGTCGAGCGAATGGATTAAGAGCTTGCTCTTATGAAGTTAGCGGCGGACGGGTGAGTAACACGTGGGTAACCTGCCCATAAGACTGGGATAACTCCGGGAAACCGGGGCTAATACCGGATAACATTTTGAACTGCATGGTTCGAAATTGAAAGGCGGCTTCGGCTGTCACTTATGGATGGACCCGCGTCGCATTAGCTAGTTGGTGAGGTAACGGCTCACCAAGGCAACGATGCGTAGCCGACCTGAGAGGGTGATCGGCCACACTGG	d__Bacteria	p__Bacillota_I	c__Bacilli_A	o__Bacillales_B_310392	f__Bacillaceae_G	g__Bacillus_A	s__proteolyticus
GATGAACGCTGGCGGCGTGCCTAATACATGCAAGTCGAGCGAATGGATTAAGAGCTTGCTCTTATGAAGTTAGCGGCGGACGGGTGAGTAACACGTGGGTAACCTGCCTATAAGACTGGGATAACTCCGGGAAACCGGGGCTAATACCGGATAACATTTTGAACCGCATGGTTCGAAATTGAAAGGCGGCTTCGGCTGTCACTTATGGATGGACCCGCGTCGCATTAGCTAGTTGGTGAGGTAACGGCTCACCAAGGCAACGATGCGTAGCCGACCTGAGAGGGTGATCGGCCACACTGG	d__Bacteria	p__Bacillota_I	c__Bacilli_A	o__Bacillales_B_310392	f__Bacillaceae_G	g__Bacillus_A	NA
GATGAACGCTGGCGGCGTGCCTAATACATGCAAGTCGAGCGAACAGACGAGGAGCTTGCTCCTCTGACGTTAGCGGCGGACGGGTGAGTAACACGTGGATAACCTACCTATAAGACTGGGATAACTTCGGGAAACCGGAGCTAATACCGGATAATATATTGAACCGCATGGTTCAATAGTGAAAGACGGTTTTGCTGTCACTTATAGATGGATCCGCGCCGCATTAGCTAGTTGGTAAGGTAACGGCTTACCAAGGCAACGATGCGTAGCCGACCTGAGAGGGTGATCGGCCACACTGGA	d__Bacteria	p__Bacillota_I	c__Bacilli_A	o__Staphylococcales	f__Staphylococcaceae	g__Staphylococcus	s__epidermidis
GACGAACGCTGGCGGCGTGCCTAATACATGCAAGTGGGACGCAAGGAAACACACTGTGCTTGCACACCGTGTTTTCTTGAGTCGCGAACGGGTGAGTAACGCGTAGGTAACCTGCCTATTAGCGGGGGATAACTATTGGAAACGATAGCTAATACCGCATAATATTAATTATTGCATGATAATTGATTGAAAGATGCAAGCGCATCACTAGTAGATGGACCTGCGTTGTATTAGCTAGTTGGTAAGGTAAGAGCTTACCAAGGCGACGATACATAGCCGACCTGAGAGGGTGATCGGCCA	d__Bacteria	p__Bacillota_I	c__Bacilli_A	o__Lactobacillales	f__Streptococcaceae	g__Streptococcus	s__mutans
GACGAACGCTGGCGGCGTGCCTAATACATGCAAGTAGAACGCTGAGGTTTGGTGTTTACACTAGACTGATGAGTTGCGAACGGGTGAGTAACGCGTAGGTAACCTGCCTCATAGCGGGGGATAACTATTGGAAACGATAGCTAATACCGCATAAGAGTAATTAACACATGTTAGTTATTTAAAAGGAGCAATTGCTTCACTGTGAGATGGACCTGCGTTGTATTAGCTAGTTGGTGAGGTAAAGGCTCACCAAGGCGACGATACATAGCCGACCTGAGAGGGTGATCGGCCACACTGGGA	d__Bacteria	p__Bacillota_I	c__Bacilli_A	o__Lactobacillales	f__Streptococcaceae	g__Streptococcus	s__agalactiae
GACGAACGCTGGCGGCGTGCCTAATACATGCAAGTCGAACGCTTCTTTCCTCCCGAGTGCTTGCACTCAATTGGAAAGAGGAGTGGCGGACGGGTGAGTAACACGTGGGTAACCTACCCATCAGAGGGGGATAACACTTGGAAACAGGTGCTAATACCGCATAACAGTTTATGCCGCATGGCATAAGAGTGAAAGGCGCTTTCGGGTGTCGCTGATGGATGGACCCGCGGTGCATTAGCTAGTTGGTGAGGTAACGGCTCACCAAGGCCACGATGCATAGCCGACCTGAGAGGGTGATCG	d__Bacteria	p__Bacillota_I	c__Bacilli_A	o__Lactobacillales	f__Enterococcaceae	g__Enterococcus_H_360604	s__faecalis
ATTGAACGCTGGCGGCAGGCCTAACACATGCAAGTCGAGCGGATGAAGGGAGCTTGCTCCTGGATTCAGCGGCGGACGGGTGAGTAATGCCTAGGAATCTGCCTGGTAGTGGGGGATAACGTCCGGAAACGGGCGCTAATACCGCATACGTCCTGAGGGAGAAAGTGGGGGATCTTCGGACCTCACGCTATCAGATGAGCCTAGGTCGGATTAGCTAGTTGGTGGGGTAAAGGCCTACCAAGGCGACGATCCGTAACTGGTCTGAGAGGATGATCAGTCACACTGGAACTGAGACACGGT	d__Bacteria	p__Pseudomonadota	c__Gammaproteobacteria	o__Pseudomonadales_A_650611	f__Pseudomonadaceae	g__Pseudomonas_B_650326	NA
ATTGAACGCTGGCGGCAGGCTTAACACATGCAAGTCGAGCGGGGGAAGGTAGCTTGCTACTGGACCTAGCGGCGGACGGGTGAGTAATGCTTAGGAATCTGCCTATTAGTGGGGGACAACATCTCGAAAGGGATGCTAATACCGCATACGTCCTACGGGAGAAAGCAGGGGATCTTCGGACCTTGCGCTAATAGATGAGCCTAAGTCGGATTAGCTAGTTGGTGGGGTAAAGGCCTACCAAGGCGACGATCTGTAGCGGGTCTGAGAGGATGATCCGCCACACTGGGACTGAGACACGGC	d__Bacteria	p__Pseudomonadota	c__Gammaproteobacteria	o__Pseudomonadales_A_660879	f__Moraxellaceae	g__Acinetobacter	s__nosocomialis
GACGAACGCTGGCGGCGTGCCTAATACATGCAAGTGGGACGCAAGAGGACACACTGTGCTTGCACACCGTGTTTTCTTGAGTCGCGAACGGGTGAGTAACGCGTAGGTAACCTGCCTATTAGCGGGGGATAACTATTGGAAACGATAGCTAATACCGCATAATATTAATTATTGCATGATAATTGATTGAAAGATGCAAGCGCATCACTAGTAGATGGACCTGCGTTGTATTAGCTAGTTGGTAAGGTAAGAGCTTACCAAGGCGACGATACATAGCCGACCTGAGAGGGTGATCGGCCA	d__Bacteria	p__Bacillota_I	c__Bacilli_A	o__Lactobacillales	f__Streptococcaceae	g__Streptococcus	s__mutans
GATGAACGCTGGCGGCGTGCCTAATACATGCAAGTCGAGCGAACAGACGAGGAGCTTGCTCCTCTGACGTTAGCGGCGGACGGGTGAGTAACACGTGGATAACCTACCTATAAGACTGGGATAACTTCGGGAAACCGGAGCTAATACCGGATAATATATTGAACCGCATGGTTCAATAGTGAAAGACGGTTTTGCTGTCACTTATAGATGGATCCGCGCCGCATTAGCTAGTTGGTAAGGTAACGGCTTACCAAGGCGACGATGCGTAGCCGACCTGAGAGGGTGATCGGCCACACTGGA	d__Bacteria	p__Bacillota_I	c__Bacilli_A	o__Staphylococcales	f__Staphylococcaceae	g__Staphylococcus	s__epidermidis
GATGAACGCTGGCGGCGTGCCTAATACATGCAAGTCGAGCGAACGGACGAGAAGCTTGCTTCTCTGATGTTAGCGGCGGACGGGTGAGTAACACGTGGATAACCTACCTATAAGACTGGGATAACTTCGGGAAACCGGAGCTAATACCGGATAATATTTTGAACCGCATGGTTCAAAAGTGAAAGACGGTCTTGCTGTCACTTATAGATGGATCCGCGCTGCATTAGCTAGTTGGTAAGGTAACGGCTTACCAAGGCAACGATGCATAGCCGACCTGAGAGGGTGATCGGCCACACTGGA	d__Bacteria	p__Bacillota_I	c__Bacilli_A	o__Staphylococcales	f__Staphylococcaceae	g__Staphylococcus	NA
ATTGAACGCTGGCGGCAGGCCTAACACATGCAAGTCGAACGGTAACAGGAAGAAGCTTGCTTCTTTGCTGACGAGTGGCGGACGGGTGAGTAATGTCTGGGAAACTGCCTGATGGAGGGGGATAACTACTGGAAACGGTAGCTAATACCGCATAACGTCGCAAGACCAAAGAGGGGGACCTTCGGGCCTCTTGCCATCGGATGTGCCCAGATGGGATTAGCTAGTAGGTGGGGTAACGGCTCACCTAGGCGACGATCCCTAGCTGGTCTGAGAGGATGACCAGCCACACTGGAACTGAGA	d__Bacteria	p__Pseudomonadota	c__Gammaproteobacteria	o__Enterobacterales_737866	f__Enterobacteriaceae_A_725029	g__Escherichia	s__dysenteriae
GATGAACGCTGGCGGCGTGCCTAATACATGCAAGTCGAGCGAACAGATGAGGAGCTTGCTCCTCTGACGTTAGCGGCGGACGGGTGAGTAACACGTGGATAACCTACCTATAAGACTGGGATAACTTCGGGAAACCGGAGCTAATACCGGATAATATATTGAACCGCATGGTTCAATAGTGAAAGACGGTTTTGCTGTCACTTATAGATGGATCCGCGCCGCATTAGCTAGTTGGTAAGGTAACGGCTTACCAAGGCAACGATGCGTAGCCGACCTGAGAGGGTGATCGGCCACACTGGA	d__Bacteria	p__Bacillota_I	c__Bacilli_A	o__Staphylococcales	f__Staphylococcaceae	g__Staphylococcus	s__epidermidis
GATGAACGCTAGCTACAGGCTTAACACATGCAAGTCGAGGGGCAGCATGGTCTTAGCTTGCTAAGGCCGATGGCGACCGGCGCACGGGTGAGTAACACGTATCCAACCTGCCGTCTACTCTTGGACAGCCTTCTGAAAGGAAGATTAATACAAGATGGCATCATGAGTCCGCATGTTCACATGATTAAAGGTATTCCGGTAGACGATGGGGATGCGTTCCATTAGATAGTAGGCGGGGTAACGGCCCACCTAGTCTTCGATGGATAGGGGTTCTGAGAGGAAGGTCCCCCACATTGGAAC	d__Bacteria	p__Bacteroidota	c__Bacteroidia	o__Bacteroidales	f__Bacteroidaceae	g__Phocaeicola_A	s__vulgatus
GGTGAACGCTGGCGGCGTGCCTAAGACATGCAAGTCGAGCGGGGCAGGTTTATACCTGTTCAGCGGCGGACGGGTGAGTAACGCGTGGGTGACCTACCCGGAAGAGGCGGACAACCTGGGGAAACCCAGGCTAATCCGCCATGTGGTCCTGTCCTGTGGGGCAGGACTAAAGGGTGGATAGCCCGCTTCCGGATGGGCCCGCGTCCCATCAGCTAGTTGGTGGGGTAAAGGCCCACCAAGGCGACGACGGGTAGCCGGTCTGAGAGGATGGCCGGCCACAGGGGCACTGAGACACGGGCC	d__Bacteria	p__Deinococcota	c__Deinococci	o__Deinococcales	f__Thermaceae_405955	g__Thermus_A	s__scotoductus
ATTGAACGCTGGCGGCAGGCCTAACACATGCAAGTCGAACGGTAACAGGAAACAGCTTGCTGTTTCGCTGACGAGTGGCGGACGGGTGAGTAATGTCTGGGAAACTGCCTGATGGAGGGGGATAACTACTGGAAACGGTAGCTAATACCGCATAACGTCGCAAGACCAAAGAGGGGGACCCTCGGGCCTCTTGCCATCGGATGTGCCCAGATGGGATTAGCTTGTTGGTGGGGTAACGGCTCACCAAGGCGACGATCCCTAGCTGGTCTGAGAGGATGACCAGCCACACTGGAACTGAGA	d__Bacteria	p__Pseudomonadota	c__Gammaproteobacteria	o__Enterobacterales_737866	f__Enterobacteriaceae_A_725029	g__Escherichia	s__albertii
GATGAACGCTGGCGGCGTGCCTAATACATGCAAGTCGAGCGAACGGACGAGAAGCTTGCTTCTCTGATGTTAGCGGCGGACGGGTGAGTAACACGTGGATAACCTACCTATAAGACTGGGATAACTTCGGGAAACCGTAGCTAATACCGGATAATATTTTGAACCGCATGGTTCAAAAGTGAAAGACGGTCTTGCTGTCACTTATAGATGGATCCGCGCTGCATTAGCTAGTTGGTAAGGTAACGGCTTACCAAGGCAACGATGCATAGCCGACCTGAGAGGGTGATCGGCCACACTGGA	d__Bacteria	p__Bacillota_I	c__Bacilli_A	o__Staphylococcales	f__Staphylococcaceae	g__Staphylococcus	NA
ATTGAACGCTGGCGGCAGGCCTAACACATGCAAGTCGAACGGTAACAGGAAGCAGCTTGCTGCTTCGCTGACGAGTGGCGGACGGGTGAGTAATGTCTGGGAAGCTGCCTGATGGAGGGGGATAACTACTGGAAACGGTAGCTAATACCGCATAATGTCGCAAGACCAAAGAGGGGGACCTTCGGGCCTCTTGCCATCGGATGTGCCCAGATGGGATTAGCTTGTTGGTGGGGTAACGGCTCACCAAGGCGACGATCCCTAGCTGGTCTGAGAGGATGACCAGCCACACTGGAACTGAGA	d__Bacteria	p__Pseudomonadota	c__Gammaproteobacteria	o__Enterobacterales_737866	f__Enterobacteriaceae_A_725029	g__Escherichia	s__boydii
GATGAACGCTGGCGGCGTGCCTAATACATGCAAGTCGAGCGAACGGACGAGAAGCTTGCTTTTCTGATGTTAGCGGCGGACGGGTGAGTAACACGTGGATAACCTACCTATAAGACTGGGATAACTTCGGGAAACCGGAGCTAATACCGGATAATATTTTGAACCGCATGGTTCAAAAGTGAAAGACGGTCTTGCTGTCACTTATAGATGGATCCGCGCTGCATTAGCTAGTTGGTAAGGTAACGGCTTACCAAGGCAACGATGCATAGCCGACCTGAGAGGGTGATCGGCCACACTGGA	d__Bacteria	p__Bacillota_I	c__Bacilli_A	o__Staphylococcales	f__Staphylococcaceae	g__Staphylococcus	NA
GATGAACGCTGGCGGCGTGCCTAATACATGCAAGTCGAGCGAACGGACGAGAAGCTTGCTTCTCTGATGTTAGCGGCGGACGGGTGAGTAACACGTGGATAACCTACCTATAAGACTGGGATAACTTCGGGAAACCGGAGCTAATACCGGATGATATTTTGAACCGCATGGTTCAAAAGTGAAAGACGGTCTTGCTGTCACTTATAGATGGATCCGCGCTGCATTAGCTAGTTGGTAAGGTAACGGCTTACCAAGGCAACGATGCATAGCCGACCTGAGAGGGTGATCGGCCACACTGGA	d__Bacteria	p__Bacillota_I	c__Bacilli_A	o__Staphylococcales	f__Staphylococcaceae	g__Staphylococcus	NA
ATTGAACGCTGGCGGCAGGCCTAACACATGCAAGTCGAACGGTAACAGGAAACAGCTTGCTGTTTCGCTGACGAGTGGCGGACGGGTGAGTAATGTCTGGGAAACTGCCTGATGGAGGGGGATAACTACTGGAAACGGTAGCTAATACCGCATAACGTCGCAAGACCAAAGAGGGGGACCTTCGGGCCTCTTGCCATCAGATGTGCCCAGATGGGATTAGCTAGTAGGTGGGGTAACGGCTCACCTAGGCGACGATCCCTAGCTGGTCTGAGAGGATGACCAGCCACACTGGAACTGAGA	d__Bacteria	p__Pseudomonadota	c__Gammaproteobacteria	o__Enterobacterales_737866	f__Enterobacteriaceae_A_725029	g__Escherichia	s__sonnei
GATGAACGCTGGCGGCGTGCCTAATACATGCAAGTCGAGCGAATGGATTAAGAGCTTGCTCTTATGAAGTTAGCGGCGGACGGGTGAGTAACACGTGGGTAACCTGCCCAAGAGACTGGGATAACACCTGGAAACAGATGCTAATACCGGATAACAACACTAGACGCATGTCTAGAGTTTAAAAGATGGTTCTGCTATCACTCTTGGATGGACCTGCGGTGCATTAGCTAGTTGGTAAGGTAACGGCTTACCAAGGCAATGATGCATAGCCGAGTTGAGAGACTGATCGGCCACATTGGG	d__Bacteria	p__Bacillota_I	c__Bacilli_A	o__Lactobacillales	f__Lactobacillaceae	g__Lactobacillus	s__taiwanensis
ATTGAACGCTGGCGGCAGGCCTAACACATGCAAGTCGAACGGTAACAGGAAGAAGCTTGCTTCTTTGCTGACGAGTGGCGGACGGGTGAGTAATGTCTGGGAAACTGCCTGATGGAGGGGGATAACTACTGGAAACGGTAGCTAATACCGCATAACGTCGCAAGACCAAAGAGGGGTACCTTCGGGCCTCTTGCCATCGGATGTGCCCAGATGGGATTAGCTAGTAGGTGGGGTAACGGCTCACCTAGGCGACGATCCCTAGCTGGTCTGAGAGGATGACCAGCCACACTGGAACTGAGA	d__Bacteria	p__Pseudomonadota	c__Gammaproteobacteria	o__Enterobacterales_737866	f__Enterobacteriaceae_A_725029	g__Escherichia	NA
GACGAACGCTGGCGGCGTGCTTAACACATGCAAGTCGAGCGATGAAGCTCCTTCGGGAGTGGATTAGCGGCGGACGGGTGAGTAACACGTGGGTAACCTGCCCAAGAGACTGGGATAACACCTGGAAACAGATGCTAATACCGGATAACAACACTAGACGCATGTCTAGAGTTTAAAAGATGGTTCTGCTATCACTCTTGGATGGACCTGCGGTGCATTAGCTAGTTGGTAAGGTAACGGCTTACCAAGGCAATGATGCATAGCCGAGTTGAGAGACTGATCGGCCACATTGGGACTGAG	d__Bacteria	p__Bacillota_I	c__Bacilli_A	o__Lactobacillales	f__Lactobacillaceae	g__Lactobacillus	s__taiwanensis
GACGAACGCTGGCGGCGTGCCTAATACATGCAAGTCGAGCGAGCTTGCCTAGATGAATTTGGTGCTTGCACCAGATGAAACTAGATACAAGCGAGCGGCGGACGGGTGAGTAACACGTGGGTAACCTGCCCAAGAGACTGGGATAACACCTGGAAACAGATGCTAATACCGGATAACAACACTAGACGCATGTCTAGAGTTTAAAAGATGGTTCTGCTATCACTCTTGGATGGACCTGCGGTGCATTAGCTAGTTGGTGAGGTAACGGCTCACCAAGGCGACGATGCGTAGCCGACCTGA	d__Bacteria	p__Bacillota_I	c__Bacilli_A	o__Lactobacillales	f__Lactobacillaceae	g__Lactobacillus	s__paragasseri
GACGAACGCTGGCGGCGTGCCTAATACATGCAAGTCGAGCGAGCTTGCCTAGATGAATTTGGTGCTTGCACCAGATGAAACTAGATACAAGCGAGCGGCGGACGGGTGAGTAACACGTGGGTAACCTGCCCATAAGACTGGGATAACTCCGGGAAACCGGGGCTAATACCGGATAACATTTTGAACCGCATGGTTCGAAATTGAAAGGCGGCTTCGGCTGTCACTTATGGATGGACCCGCGTCGCATTAGCTAGTTGGTGAGGTAACGGCTCACCAAGGCAACGATGCGTAGCCGACCTG	d__Bacteria	p__Bacillota_I	c__Bacilli_A	o__Bacillales_B_310392	f__Bacillaceae_G	g__Bacillus_A	s__pacificus
GACGAACGCTGGCGGCGTGCCTAATACATGCAAGTCGAGCGAGCTTGCCTAGATGAATTTGGTGCTTGCACCAGATGAAACTAGATACAAGCGAGCGGCGGACGGGTGAGTAACACGTGGGTAACCTGCCTCATAGAGGGGAATAGCCTTTCGAAAGGAAGATTAATACCGCATAAGATTGTAGTGCCGCATGGCATAGCAATTAAAGGAGTAATCCGCTATGAGATGGACCCGCGTCGCATTAGCTAGTTGGTGAGGTAACGGCTCACCAAGGCGACGATGCGTAGCCGACCTGAGAGG	d__Bacteria	p__Bacillota_A_368345	c__Clostridia_258483	o__Clostridiales	f__Clostridiaceae_222000	g__Clostridium_T	NA
GACGAACGCTGGCGGCGTGCCTAATACATGCAAGTCGAGCGAGCTTGCCTAGATGAATTTGGTGCTTGCACCAGATGAAACTAGATACAAGCGAGCGGCGGACGGGTGAGTAACACGTGGGTAACCTGCCCAAGAGACTGGGATAACACCTGGAAACAGATGCTAATACCGGATAACAACACTAGACGCATGTCTAGAGTTTAAAAGATGGTTCTGCTATCACTCTTGGATGGACCTGCGGTGCATTAGCTAGTTGGTAAGGTAACGGCTTACCAAGGCAACGATGCGTAGCCGACCTGA	d__Bacteria	p__Bacillota_I	c__Bacilli_A	o__Lactobacillales	f__Lactobacillaceae	g__Lactobacillus	s__paragasseri
GATGAACGCTAGCTACAGGCTTAACACATGCAAGTCGAGGGGCAGCATGGTCTTAGCTTGCTAAGACTGATGGCGACCGGCGCACGGGTGAGTAACACGTATCCAACCTGCCGTCTACTCTTGGACAGCCTTCTGAAAGGAAGATTAATACAAGATGGCATCATGAGTCCGCATGTTCACATGATTAAAGGTATTCCGGTAGACGATGGGGATGCGTTCCATTAGATAGTAGGCGGGGTAACGGCCCACCTAGTCTTCGATGGATAGGGGTTCTGAGAGGAAGGTCCCCCACATTGGAAC	d__Bacteria	p__Bacteroidota	c__Bacteroidia	o__Bacteroidales	f__Bacteroidaceae	g__Phocaeicola_A	s__vulgatus
GGTGAACGCTGGCGGCGTGCCTAAGACATGCAAGTCGAGCGGGGCAGGTTTATACCTGTTCAGCGGCGGACGGGTGAGTAACGCGTGGGTGACCTGCCCGGAAGAGGCGGACAACCTGGGGAAACCCAGGCTAATCCGCCATGTGGTCCTATCCTGTGGGGCAGGACTAAAGGGTGGATAGCCCGCTTCCGGATGGGCCCGCGTCCCATCAGCTAGTTGGTGGGGTAAAGGCCCACCAAGGCGACGACGGGTAGCCGGTCTGAGAGGATGGCCGGCCACAGGGGCACTGAGACACGGGCC	d__Bacteria	p__Deinococcota	c__Deinococci	o__Deinococcales	f__Thermaceae_405955	g__Thermus_A	s__scotoductus
GATGAACGCTAGCTACAGGCTTAACACATGCAAGTCGAGGGGCAGCATGTCGGTTGCTTGCAACCGATGATGGCGACCGGCGCACGGGTGAGTAACGCGTATCCAACCTACCCTTGTCCATCGGATAACCCGTCGAAAGGCGGCCTAACACGATATGCGGTTCTCAGCAGGCATCTAACGAGAACGAAATGTGAAGGAGAAGGATGGGGATGCGTCTGATTAGCTTGTTGGCGGGGTAACGGCCCACCAAGGCGACGATCAGTAGGGGTTCTGAGAGGAAGGTCCCCCACATTGGAACTG	d__Bacteria	p__Bacteroidota	c__Bacteroidia	o__Bacteroidales	f__Bacteroidaceae	g__Prevotella	s__stercorea
GACGAACGCTGGCGGCGTGCCTAATACATGCAAGTCGAGCGAGCTTGCCTAGATGAATTTGGTGCTTGCACCAGATGAAACTAGATACAAGCGAGCGGCGGACGGGTGAGTAACACGTGGGCAACCTGCCTGTAAGTTGGGGATAACTCCGGGAAACCGGGGCTAATACCGAATGATAAAGTGTGGCGCATGCCACGCTTTTGAAAGATGGTTTCGGCTATCGCTTACAGATGGGCCCGCGGTGCATTAGCTAGTTGGTAGGGTAATGGCCTACCAAGGCAACGATGCATAGCCGACCTG	d__Bacteria	p__Bacillota_I	c__Bacilli_A	o__Lactobacillales	f__Listeriaceae	g__Listeria_A	NA
GACGAACGCTGGCGGCGTGCCTAATACATGCAAGTCGAGCGAGCTTGCCTAGATGAATTTGGTGCTTGCACCAGATGAAACTAGATACAAGCGAGCGGCGGACGGGTGAGTAACACGTGGGTAACCTGCCCAAGAGACTGGGATAACACCTGGAAACAGATGCTAATACCGGATAACAACACTAGACGCATGTCTAGAGTTTAAAAGATGGTTCTGCTATCACTCTTGGATGGACCTGCGGTGCATTAGCTAGTTGGTAGGGTAATGGCCTACCAAGGCAACGATGCATAGCCGACCTGA	d__Bacteria	p__Bacillota_I	c__Bacilli_A	o__Lactobacillales	f__Lactobacillaceae	g__Lactobacillus	s__paragasseri
GATGAACGCTAGCGACAGGCTTAACACATGCAAGTCGAGGGGCAGCACGGTGTAGCAATACACGGGTGGCGACCGGCGCACGGGTGAGTAACGCGTATGCAACTTGCCTATCAGAGGGGGATAACCCGTCGAAAGACGGACTAATACCGCATGAAACAGGGGCCCCGCATGGGGATATTTGTTAAAGATTCATCGCTGATAGATAGGCATGCGTTCCATTAGGTAGTTGGCGGGGCAACGGCCCACCAAGCCGACGATGGATAGGGGTTCTGAGAGGAAGGTCCCCCACACTGGTACTGA	d__Bacteria	p__Bacteroidota	c__Bacteroidia	o__Bacteroidales	f__Bacteroidaceae	g__Alloprevotella	s__sp004555425
GACGAACGCTGGCGGCGTGCTTAACACATGCAAGTCGAACGGAAAGGCCCTGCTTTTGTGGGGTGCTCGAGTGGCGAACGGGTGAGTAACACGTGAGTAACCTGCCCTTGACTTTGGGATAACTTCAGGAAACTGGGGCTAATACCGGATAGGAGCTCCTGCTGCATGGTGGGGGTTGGAAAGTTTCGGCGGTTGGGGATGGACTCGCGGCTTATCAGCTTGTTGGTGGGGTAGTGGCTTACCAAGGCTTTGACGGGTAGCCGGCCTGAGAGGGTGAACGGACACACTGGAACTGAGACA	d__Bacteria	p__Actinomycetota	c__Actinomycetes	o__Propionibacteriales	f__Propionibacteriaceae	g__Cutibacterium	s__acnes
GACGAACGCTGGCGGCGTGCCTAATACATGCAAGTCGAACGCACTCTCGTTAGATTGAAGAAGCTTGCTTCTGATTGATAACATTTGAGTGAGTGGCGGACGGGTGAGTAACACGTGGGTAACCTGCCCTAAAGTGGGGGATAACATTTGGAAACAGATGCTAATACCGCATAAAACCTAGCACCGCATGGTGCAAGGTTGAAAGATGGTTTCGGCTATCACTTTAGGATGGACCCGCGGTGCATTAGTTAGTTGGTGAGGTAAAGGCTCACCAAGACCGTGATGCATAGCCGACCTGAG	d__Bacteria	p__Bacillota_I	c__Bacilli_A	o__Lactobacillales	f__Lactobacillaceae	g__Latilactobacillus	s__curvatus
GATGAACGCTAGCGACAGGCTTAACACATGCAAGTCGAGGGGCAGCGAGGTGGTAGCAATACCGCTGTCGGCGACCGGCGCACTGGTGAGTAACACGTATGCGACCTGCCCCCTACAGGGGTATAACCCGTAGAAATGCGGACTAATCCCCCATAGTCCCGCGGGCTGCATGGCCTGCGGGGGAAAGGCCAGCCGGTAGGGGATGGGCATGCGGCGCATTAGCTAGTTGGCGGGGCAACGGCCCACCAAGGCGACGATGCGTAGGGGTTCTGAGAGGAAGGTCCCCCACACTGGTACTGA	d__Bacteria	p__Bacteroidota	c__Bacteroidia	o__Bacteroidales	f__Muribaculaceae	g__Sodaliphilus	NA
GATGAACGCTGGCGGCATGCCTAATACATGCAAGTCGAACGAGAGGAAGGAAAGCTTGCTTTCCTGAATCTAGTGGCGAACGGGTGAGTAACACGTAGGTAACCTGCCCATGTGCCCGGGATAACTTCTGGAAACGGATGCTAAAACCGGATAGGTAGCAGACAAGCATTTGACTGCTATTAAAGTGGCCTTGGCCATGAACATGGATGGACCTGCGGTGCATTAGCTGGTTGGTGAGGTAACGGCCCACCAAGGCGACGATGCATAGCCGGCCTGAGAGGGCGGACGGCCACATTGGGA	d__Bacteria	p__Bacillota_I	c__Bacilli_A	o__Erysipelotrichales	f__Erysipelotrichaceae	g__Holdemanella	s__biformis
ATTGAACGCTGGCGGCAGGCCTAACACATGCAAGTCGAACGGTAACAGGAAGCAGCTTGCTGCTTTGCTGACGAGTGGCGGACGGGTGAGTAATGTCTGGGAAACTGCCTGATGGAGGGGGATAACTACTGGAAACGGTAGCTAATACCGCATAACGTCGCAAGACCAAAGAGGGGGACCTTAGGGCCTCTTGCCATCGGATGTGCCCAGATGGGATTAGCTAGTAGGTGGGGTAAAGGCTCACCTAGGCGACGATCCCTAGCTGGTCTGAGAGGATGACCAGCCACACTGGAACTGAGA	d__Bacteria	p__Pseudomonadota	c__Gammaproteobacteria	o__Enterobacterales_737866	f__Enterobacteriaceae_A_725029	g__Escherichia	NA
GACGAACGCTGGCGGCGTGCTTAACACATGCAAGTCGAACGAGAAGAGATGAGAAGCTTGCTTCTTATTAATTCGAGTGGCAAACGGGTGAGTAACGCGTAAGCAACCTGCCCTTCAGATGGGGACAACAGCTGGAAACGGCTGCTAATACCGAATACGTTCTTTTTGTCGCATGGCAGAGGGAAGAAAGGGAGGCTCTTCGGAGCTTTCGCTGAAGGAGGGGCTTGCGTCTGATTAGCTAGTTGGAGGGGTAACGGCCCACCAAGGCGACGATCAGTAGCCGGTCTGAGAGGATGAACG	d__Bacteria	p__Bacillota_C	c__Negativicutes	o__Veillonellales	f__Megasphaeraceae	g__Megasphaera_A_38685	s__elsdenii
GATGAACGCTAGCGGCAGGCTTAACACATGCAAGTCGAGGGGTAACAGGTTAGTAGCAATACTGATGCTGACGACCGGCGCACGGGTGCGTAACGCGTATGCAACCTACCTTATACAGGGGGATAACCTTTCGAAAGGGAGACTAACACCGCATAATATTGTTTTCAGGCATCTGAGAATAATTAAATGAGCGATCAGGTATAAGATGGGCATGCGTAGCATTAGTTAGATGGCGAGGTAACGGCTCACCATGGCGATGATGCTTAGGGGTTCTGAGAGGAAGGTCCCCCACACCGGTAC	d__Bacteria	p__Bacteroidota	c__Bacteroidia	o__Bacteroidales	f__P3	NA	NA
GATGAACGCTAGCTACAGGCTTAACACATGCAAGTCGAGGGGCAGCATGACGGAAGCTTGCTTCCGTTGATGGCGACCGGCGCACGGGTGAGTAACGCGTATCCAACCTGCCCTTGTCCATCGGATAACCCGTCGAAAGGCGGACTAACACGGTATGCAGTCCACAGCAGGCATCTAACGTGGACGAAATGTGAAGGAGAAGGATGGGGATGCGTCTGATTAGCTTGTTGGCGGGGTAACGGCCCACCAAGGCGACGATCAGTAGGGGTTCTGAGAGGAAGGTCCCCCACATTGGAACTG	d__Bacteria	p__Bacteroidota	c__Bacteroidia	o__Bacteroidales	f__Bacteroidaceae	g__Prevotella	s__stercorea
ATTGAACGCTGGCGGCATGCTTTACACATGCAAGTCGGACGGCAGCACAGAGAAGCTTGCTTCTCGGGTGGCGAGTGGCGAACGGGTGAGTAACATATCGGAACGTACCGAGTAGTGGGGGATAACTGATCGAAAGATCAGCTAATACCGCATACGTCTTGAGAGAGAAAGCAGGGGACCTTCGGGCCTTGCGCTATTCGAGCGGCCGATATCTGATTAGCTAGTTGGTGGGGTAAAGGCCTACCAAGGCGACGACGGATAGCCGGCCTGAGAGGGTGGCCGGCCACAGGGGCACTGAGA	d__Bacteria	p__Pseudomonadota	c__Gammaproteobacteria	o__Burkholderiales	f__Neisseriaceae	g__Neisseria_563205	s__cinerea
AACGAACGCTGGCGGCGCGTTTTAAGCATGCAAGTCGAGCGGTAAGGTCCTTCGGGACCCCAGAGCGGCGGACGGGTGAGTAACACGTGGATAATCTGCCTTCCAGTCCGGGATAGCACATGGAAACATGTGATAATACCGGATACGATGTGCCTGCCACATGGCGGGTGCAGGAAAGGTCCTGCGGGATCGCTGGGAGATGAGTCCGCGGCCCATTAGCTAGTTGGCGGGGTAAAGGCCCACCAAGGCGACGATGGGTAGCCGGCCTGAGAGGGTGGACGGCCACATTGGGACTGAGAC	d__Bacteria	p__Spirochaetota	c__Spirochaetia	o__Sphaerochaetales	f__Sphaerochaetaceae	g__Ornithospirochaeta	NA
AATCAACGCTGGCGGCGTGCCTCAGACATGCAAGTCGTACGCGAAAGGCCCCTTCGGGGGCTGAGTAGAGTGGCGTCCGGGTGAGTAACACGTGGGCAATCTGCCTCTGGGTGGGGAATAACCCGGGGAAACCCGGGCTAATACCGCATACGGCGGCGCAGCCTGCGGGCCGCGTCGTGAAAGCGGGGGACCTCGGCAACGAGGCCTCGCGCCCGGAGAGGAGCCTGCGGCGGATTAGCTAGTTGGTGAGGTAACGGCTCACCAAGGCGACGATCCGTAGCCGGCCTGAGAGGGCGGTCG	d__Bacteria	p__Acidobacteriota	c__Blastocatellia	o__Pyrinomonadales	f__Pyrinomonadaceae	g__Pyrinomonas	s__methylaliphatogenes
GATGAACGCTGGCGGCGTGCCTAACACATGCAAGTCGAACGGAGTTCTTAAGGAATGCGACTTCGGTCAAATGACTTTTGAACTTAGTGGCGGACGGGTGAGTAACGCGTGAGCAACCTGCCTTTCAGAGGGGGATAACATTTGGAAACAGATGCTAATACCGCATAAGATTACAGTACCGCATGATACAGTGATCAAAGGAGCAATCCGCTGAAAGATGGGCTCGCGTCCGATTAGATAGTTGGTGAGGTAACGGCTCACCAAGTCGACGATCGGTAGCCGGACTGAGAGGTTGAACGG	d__Bacteria	p__Bacillota_A_368345	c__Clostridia_258483	o__Oscillospirales	f__Acutalibacteraceae	g__CAG-177	s__sp003538135
GATGAACGCTAGCTACAGGCTTAACACATGCAAGTCGAGGGGCAGCATGAACTTAGCTTGCTAAGTTTGATGGCGACCGGCGCACGGGTGAGTAACACGTATCCAACCTGCCGATGACTCGGGGATAGCCTTTCGAAAGAAAGATTAATACCCGATGGCATAGTTCTTCCGCATGGTGGAACTATTAAAGAATTTCGGTCATCGATGGGGATGCGTTCCATTAGGTTGTTGGCGGGGTAACGGCCCACCAAGCCTTCGGTGGATAGGGGTTCTGAGAGGAAGGTCCCCCACATTGGAACT	d__Bacteria	p__Bacteroidota	c__Bacteroidia	o__Bacteroidales	f__Bacteroidaceae	g__Bacteroides_H_857956	s__uniformis
GATGAACGCTGGCGGCGTGCTTAACACATGCAAGTCGAACGGAGTGCTCATGACAGAGGATTCGTCCAATGGATTGAGTTACTTAGTGGCGGACGGGTGAGTAACGCGTGAGGAACCTGCCTCGGAGTGGGGGATAACAGTCCGAAAGGACTGCTAATACCGCATGATACAGTTGGGTCGCATGGCTCTGACTGTCAAAGATTTATCGCTCTGAGATGGCCTCGCGTCTGATTAGCTAGTTGGCGGGGTAACGGCCCACCAAGGCGACGATCAGTAGCCGGACTGAGAGGTTGACCGGCC	d__Bacteria	p__Bacillota_A_368345	c__Clostridia_258483	o__Oscillospirales	f__Oscillospiraceae_88309	g__Lawsonibacter	NA
GATGAACGCTGGCGGCGTGCTTAACACATGCAAGTCGAACGGAGTGCCTTTGAAAGAGGATTCGTCCAATTGATAAGGTTACTTAGTGGCGGACGGGTGAGTAACGCGTGAGGAACCTGCCTTGGAGTGGGGAATAACACAGTGAAAATTGTGCTAATACCGCATAATGCAGTTGGGTCGCATGACTCTGACTGCCAAAGATTTATCGCTCTGAGATGGCCTCGCGTCTGATTAGCTAGTTGGTGGGGTAACGGCCCACCAAGGCGACGATCAGTAGCCGGACTGAGAGGTTGGCCGGCC	d__Bacteria	p__Bacillota_A_368345	c__Clostridia_258483	o__Oscillospirales	f__Oscillospiraceae_88309	g__Lawsonibacter	s__sp000177015
GACGAACGCTGGCGGCGTGCTTAACACATGCAAGTCGAACGAGAATCTACGGATCGAGGATTCGTCCAAGTGAAGTAGAGGACAGTGGCGGACGGGTGAGTAACGCGTGAGGAACCTGCCTTTCAGAGGGGGACAACAGTTGGAAACGACTGCTAATACCGCATGACACATTGGGGTCGCATGGCTCTGATGTCAAAGATTTATCGCTGAAAGATGGCCTCGCGTCTGATTAGCTAGTTGGTGAGGTAACGGCCCACCAAGGCGACGATCAGTAGCCGGACTGAGAGGTTGACCGGCCAC	d__Bacteria	p__Bacillota_A_368345	c__Clostridia_258483	o__Oscillospirales	f__Oscillospiraceae_88309	g__Vescimonas	s__fastidiosa
GATGAACGCTAGCTACAGGCTTAACACATGCAAGTCGAGGGGCAGCATGACAATAGCTTGCTATTGTTGATGGCGACCGGCGCACGGGTGAGTAACGCGTATCCAACCTGCCCTTGTCCATCGGATAACCCGTCGAAAGGCGGACTAACACGATATGCAGTTCTCAGCAGGCATCTAACGAGAACGAAATGTGAAGGAAAAGGATGGGGATGCGTCTGATTAGCTTGTTGGCGGGGTAACGGCCCACCAAGGCGACGATCAGTAGGGGTTCTGAGAGGAAGGTCCCCCACATTGGAGCTG	d__Bacteria	p__Bacteroidota	c__Bacteroidia	o__Bacteroidales	f__Bacteroidaceae	g__Prevotella	s__stercorea
GATGAACGCTGGCGGCGTGCCTAACACATGCAAGTCGAACGAAGCTTGAGGAATGATTTCTTCGGAATGAATTCTGATATGACTTAGTGGCGGACGGGTGAGTAACACGTGAGCAACCTGCCTTTCAGAGGGGGATAACGGCTGGAAACGGTCGCTAATACCGCATGAAATGTTTGGATGGCATCGTCTGAACATCAAAGATTTATCGCTGAAAGATGGGCTCGCGTCTGATTAGATAGTTGGTGAGGTAACGGCTCACCAAGTCGACGATCAGTAGCCGGACTGAGAGGTTGAACGGCC	d__Bacteria	p__Bacillota_A_368345	c__Clostridia_258483	o__Oscillospirales	f__Acutalibacteraceae	g__Fimenecus	s__sp000432435
GATGAACGCTAGCTACAGGCTTAACACATGCAAGTCGCGGGGTAACATCTGGTAGAGCTTGCTCTTCCAGGATGACGACCGGCGCACGGGTGAGTAACGCGTATCCAACCTGGCCCATACCACGGGATAGCCCGTCGAAAGGCGGATTAATACCGTATGCTGTCATTAAGATGCATATATTGATGACGAAAGGACTGGCGGTATGGGATGGGGATGCGTCTGATTAGCTTGTTGGCGGGGTAACGGCCCACCAAGGCGACGATCAGTAGGGGTTCTGAGAGGAAGGTCCCCCACATTGGA	d__Bacteria	p__Bacteroidota	c__Bacteroidia	o__Bacteroidales	f__Bacteroidaceae	g__Prevotella	s__pectinovora
GATGAACGCTAGCGGCAGGCTTAACACATGCAAGTCGAGGGGCAGCGCGTCGTAGCAATACGATGGCGGCGACCGGCGGAAGGGTGCGTAACGCGTGAGCAACTTGCCCGTCACAGGGGGATAACCGGTGGAAACGCCGACTAACACCCCGTAACACATTTCGCCGCATGGCGAGATGTTGAAAACTCCGGTGGTGACGGATAGGCTCGCGTGCCATTAGCTAGTCGGCGGGGCAACGGCCCACCGAGGCGACGATGGCTAGGGGTTCTGAGAGGAAGGCCCCCCACACTGGGACTGAGA	d__Bacteria	p__Bacteroidota	c__Bacteroidia	o__Bacteroidales	f__UBA932	g__Cryptobacteroides	NA
GATAAACGCTGGCGGCGCACATAAGACATGCAAGCCGAACGGAAGTCGTTATAAAAAGAATGAAGATTTATCTGAATGAATTTTATAACAATGGCTTTAGTGGCGGACTGGTGAGTAACGCGTAAGCAATCTGCCTATTAGAGGGGAATAACAATGAGAAATCATTGCTAATACCGCATATGCCATAAATGTCGCATGACAAAAGTGGGAAAGGAGCAATTCGCTAATAGATGAGCTTGCGTCTGATTAGTTAGTTGGTGGGGTAAAGGCCTACCAAGACGATGATCAGTAGCCGGACTG	d__Bacteria	p__Bacillota_A_368345	c__Clostridia_258483	o__TANB77	f__CAG-508	NA	NA
GACGAACGCTGGCGGCGTGCCTAATACATGCAAGTAGAACGCTGAAGACTTTAGCTTGCTAGAGTTGGAAGAGTTGCGAACGGGTGAGTAACGCGTAGGTAACCTGCCTATTAGCGGGGGATAACTATTGGAAACGATAGCTAATACCGCATAATAGTGTTTAACACATGTTAGAGACTTGAAAGATGCAATTGCATCACTAGTAGATGGACCTGCGTTGTATTAGCTAGTTGGTGGGGTAACGGCCTACCAAGGCGACGATACATAGCCGACCTGAGAGGGTGATCGGCCACACTGGGA	d__Bacteria	p__Bacillota_I	c__Bacilli_A	o__Lactobacillales	f__Streptococcaceae	g__Streptococcus	s__gallolyticus
GATGAACGCTAGCGACAGGCTTAACACATGCAAGTCGAGGGGCAGCGGTGGAGAGAGCTTGCTCTCTTCAGCCGGCGACCGGCGCACGGGTGAGTAACACGTATGCAACCTGCCCTTGACACTGGGATAACCCGGAGAAATCCGGACTAATACCGGGCGACACCTTCGGAGGACATCCTCCTTAGGTCGAAGGAAGCGATTCCGGTCAAGGATGGGCATGCGGCGCATTAGCTAGTTGGCGGGGTAACGGCCCACCAAGGCGACGATGCGTAGGGGTTCTGAGAGGAAGGTCCCCCACAT	d__Bacteria	p__Bacteroidota	c__Bacteroidia	o__Bacteroidales	f__Muribaculaceae	g__CAG-1031	s__sp000431215
GATGAACGCTAGCTACAGGCTTAACACATGCAAGTCGAGGGGCAGCATCGCGATAGCTTGCTATTGCGGATGGCGACCGGCGCACGGGTGAGTAACGCGTATCCAACCTTCCCGCAACTGGGGAATAACCTTGCGAAAGTAAGACTAATACCCCATGGTCTCCACGGATGGCATCTGAAATGGAGTAAAGGTTTCGGCCGGTTGCGGATGGGGATGCGTCCGATTAGCTTGACGGCGGGGTAACGGCCCACCGTGGCATCGATCGGTAGGGGTTCTGAGAGGAAGGTCCCCCACATTGGA	d__Bacteria	p__Bacteroidota	c__Bacteroidia	o__Bacteroidales	f__Bacteroidaceae	g__Prevotella	s__buccae
GACGAACGCTGGCGGCGTGCCTAATACATGCAAGTCGAGCGGACGAATCGAAAGCTTGCTTTTGATTCGTTAGCGGCGGACGGGTGAGTAACACGTGGGCAACCTGCCCTGTAGACGGGGATAACACCGAGAAATCGGTGCTAATACCGGATAACACGAAATGTCGCATGACGTTTCGTTGAAAGACGGCGCAAGCTGTCGCTACAGGATGGGCCCGCGGCGCATTAGCTAGTTGGTGAGGTAACGGCTCACCAAGGCGACGATGCGTAGCCGACCTGAGAGGGTGATCGGCCACACTGG	d__Bacteria	p__Bacillota_I	c__Bacilli_A	o__Bacillales_B_306089	f__Anoxybacillaceae	g__Anoxybacillus_A_295174	s__kestanbolensis
GATGAACGCTAGCTACAGGCTTAACACATGCAAGTCGAGGGGAAACGATAGAGAAAGCTTGCTTTTTCTAGGCGTCGACCGGCGCACGGGTGAGTAACGCGTATCCAACCTGCCCACCACTTGGGGATAACCTTGCGAAAGTAAGACTAATACCCAATGACGTCTCTAGAAGACATCTGAAAGGGATTAAAGATTTATCGGTGATGGATGGGGATGCGTCTGATTAGCTTGTTGGCGGGGTAACGGCCCACCAAGGCAACGATCAGTAGGGGTTCTGAGAGGAAGGTCCCCCACATTGGA	d__Bacteria	p__Bacteroidota	c__Bacteroidia	o__Bacteroidales	f__Bacteroidaceae	g__Prevotella	NA
AACGAACGCTGGCGGCAGGCCTAACACATGCAAGTCGAGCGTGAAAGGGACTTCGGTCCTGAGTAAAGCGGCGCACGGGTGAGTAACACGTGAATAATCTGCCCTCATGACCGGGATAACAGACCGAAAGGACTGCTAATACCGGATAAGCCCACGAATCAAACGGGTGCGTTGGAAAAGCATGGGATTCTTCGGAACCATGTGCGTGAGGATGAGTTCGCGTCCCATTAGATAGTTGGTGAGGTAATGGCTCACCAAGTCGACGATGGGTAGCTGGTCTTAGAGGATGATCAGCCACAC	d__Bacteria	p__Myxococcota_A_473307	c__Bradymonadia	o__UBA4248	f__UBA4248	g__UBA4248	s__sp004554395
GACGAACGCTGGCGGCGTGCTTAACACATGCAAGTCGAGCGGAGACAGAAGGCTTCGGTTTTCTGTTTTAGCGGCGGACGGGTGAGTAACGCGTGAGCAATCTGTCCCAGACAGGGGGATAACACTTGGAAACAGGTGCTAATACCGCATAAGACCACGAGATCACATGGTTTCGGGGTAAAAGGAGCAATCCGGTTTGGGGTGAGCTCGCGTCCGATTAGCTAGTTGGTGAGGTAACGGCCCACCAAGGCGACGATCGGTAGCCGACCTGAGAGGGTGATCGGCCACATTGGAACTGAG	d__Bacteria	p__Bacillota_A_368345	c__Clostridia_258483	o__Christensenellales	f__Aristaeellaceae	NA	NA
GATGAACGCTGGCGGCGTGCTTAATACATGCAAGTCGAACGAATGGATGTCTAGCTTGCTAGACTGAAGTTAGTGGCGAACGGGTGAGTAATACATAGGCAATCTGCCCTGAAGTGTGGGATAGCTATTGGAAACGATAATTAATACCGCATAGGTAGTAAGAAGGCATCTTCCTACTATTAAAGATGCGTCTGCATCGCTGCAGGATGAGCTTATGGTGTATTAGCTAGTTGGTGAGATAAAAGCCCACCAAGGCTATGATACATAGCTGGTCTGAGAGGATGAACAGCCACATTGGGA	d__Bacteria	p__Bacillota_I	c__Bacilli_A	o__Erysipelotrichales	f__Erysipelotrichaceae	g__UBA636	NA
AACGAACGCTGGCGGCGCGTCTTAAGCATGCAAGTCGAACGGTAAGGATGGTGCTTGTACTATCCCTAGAGTGGCGGACTGGTGAGTAACACGTGGGTGACATACCCTTGGGATGGGGATAGCCAGTAGAAATACTGGGTAATACCGAATAGGACCACGAATAGTGATGTATTAGTGAGGAAAGGAGCTAAGGCTTCGCCTAAGGAATGGCCCGCGGCCCATTAGCTAGTTGGAGTGGTAAAGGCACACCAAGGCGATGATGGGTATCCGGCCTGAGAGGGTGAACGGACACATTGGGAC	d__Bacteria	p__Spirochaetota	c__Spirochaetia	o__Treponematales	f__Treponemataceae	g__Treponema_F_986479	s__brennaborense
GATGAACGCTAGCGACAGGCTTAACACATGCAAGTCGAGGGGCAGCGGGGGCGAAAGCTTGCTTTCGCCTGCCGGCGACCGGCGCACGGGTGAGTAACACGTATGCAACCTGCCCACCGCAGGGGGATAAGCCGGAGAAATCCGGTCTAATACCGCGTAACATCCCCGGGAGACATCTTCCGGGGATCAAAGGAAGCGATTCCGGCGGTGGATGGGCATGCGGCGCATTAGCTAGTCGGCGGGGTAACGGCCCACCGAGGCGACGATGCGTAGGGGTTCTGAGAGGAAGGTCCCCCACAC	d__Bacteria	p__Bacteroidota	c__Bacteroidia	o__Bacteroidales	f__Muribaculaceae	g__CAG-873	s__sp011959565
GATGAACGCTAGCTACAGGCTTAACACATGCAAGTCGAGGGGCAGCGGGGAGGATGCTTGCATTCTCTGCCGGCGACCGGCGCACGGGTGAGTAACGCGTACCGAACCTGCCTCATACTCGGGAATAGCCTTGCGAAAGTAAGATTAATGCCCGGTGTTCCGCGAGGGCCGCATGGCCTTTTCGGCAAAGTTATTTACGGTATGAGATGGCGGTGCGTCCCATTAGCTTGTTGGCGGGGTAACGGCCCACCAAGGCGACGATGGGTAGGGGTTCTGAGAGGAAGGTCCCCCACATTGGAA	d__Bacteria	p__Bacteroidota	c__Bacteroidia	o__Bacteroidales	f__Bacteroidaceae	g__Alloprevotella	NA
GATGAACGCTAGCTACAGGCTTAACACATGCAAGTCGAGGGGCAGCATGGGATTAGCTTGCTAATCCTGATGGCGACCGGCGCACGGGTGCGTAACGCGTATCCAACCTGCCCTCTACTCCGGAACAGCCCGTCGAAAGGCGGATTAATGCCGGATGGTGTCACATGCCCGCATGGGCGTGTGACTAAAGGCAACGGTAGAGGATGGGGATGCGACTGATTAGCTAGTTGGCGGGGTAACGGCCCACCAAGGCTACGATCAGTAGGGGTTCTGAGAGGAAGGTCCCCCACATTGGAACTG	d__Bacteria	p__Bacteroidota	c__Bacteroidia	o__Bacteroidales	f__Bacteroidaceae	g__Paraprevotella	NA
GACGAACGCTGGCGGCGTGCCTAATACATGCAAGTCGAGCGGATTGATGGGAGCTTGCTCCCTGATATCAGCGGCGGACGGGTGAGTAACACGTGGGCAACCTGCCTATAAGACTGGGATAACTTCGGGAAACCGGAGCTAATACCGGATAATCCCTTTCCTCTCATGAGGAAAGGCTGAAAGATGGTTTACGCTATCACTTATAGATGGGCCCGCGGCGCATTAGCTAGTTGGTGAGGTAACGGCTCACCAAGGCAACGATGCGTAGCCGACCTGAGAGGGTGATCGGCCACACTGGGA	d__Bacteria	p__Bacillota_I	c__Bacilli_A	o__Bacillales_B_306087	f__DSM-18226_301387	NA	NA
GGTGAACGCTGGCGGCGTGCCTAAGACATGCAAGTCGTGCGGGCCGCGGGGTTTTACTCCGTGGTCAGCGGCGGACGGGTGAGTAACGCGTAGGTGACCTACCCGGAAGAGGGGGACAACCCGGGGAAACTCGGGCTAATCCCCCATGTGGACCCGCCCCTTGGGGTGTGTCCAAAGGGCTTTGCCCGCTTCCGGATGGGCCCGCGTCCCATCAGCTAGTTGGTGGGGTAATGGCCCACCAAGGCGACGACGGGTAGCCGGTCTGAGAGGATGGCCGGCCACAGGGGCACTGAGACACGG	d__Bacteria	p__Deinococcota	c__Deinococci	o__Deinococcales	f__Thermaceae_405955	g__Thermus_A	s__thermophilus
GATGAACGCTGGCGGCGTGCTTAACACATGCAAGTCGAACGGAGGACCCTTGACGGAGTTTTCGGACAACAGATAGGAATCCTTAGTGGCGGACGGGTGAGTAACGCGTGAGGAACCTGCCTTGGAGAGGGGAATAACACAGTGAAAATTGTGCTAATACCGCATGAAGCAGTTGAGTCGCATGGCTCTGACTGCCAAAGATTTATCGCTCTGAGATGGCCTCGCGTCTGATTAGGTAGTTGGTGGGGTAACGGCCCACCAAGCCGACGATCAGTAGCCGGACTGAGAGGTTGACCGGCC	d__Bacteria	p__Bacillota_A_368345	c__Clostridia_258483	o__Oscillospirales	f__Oscillospiraceae_88309	g__Evtepia	NA
GACGAACGCTGGCGGCGTGCCTAATACATGCAAGTCGAGCGAGCTTGCCTAGATGAATTTGGTGCTTGCACCAGATGAAACTAGATACAAGCGAGCGGCGGACGGGTGAGTAACACGTGGATAACCTACCTATAAGACTGGGATAACTTCGGGAAACCGGAGCTAATACCGGATAATATATTGAACCGCATGGTTCAATAGTGAAAGACGGTTTTGCTGTCACTTATAGATGGATCCGCGCCGCATTAGCTAGTTGGTAAGGTAACGGCTTACCAAGGCAACGATGCGTAGCCGACCTGA	d__Bacteria	p__Bacillota_I	c__Bacilli_A	o__Staphylococcales	f__Staphylococcaceae	g__Staphylococcus	NA
GACGAACGCTGGCGGCGTGCCTAACACATGCAAGTCGAGCGAGTGGATTTCCTTCGGGATTGAAGCTAGCGGCGGACGGGTGAGTAACACGTGGGCAACCTGCCTCATAGAGGGGAATAGCCTCCCGAAAGGGAGATTAATACCGCATAAGATTGTAGCTTCGCATGAAGTAGCAATTAAAGGAGCAATCCGCTATGAGATGGGCCCGCGGCGCATTAGCTAGTTGGTGAGGTAACGGCTCACCAAGGCGACGATGCGTAGCCGACCTGAGAGGGTGATCGGCCACATTGGGACTGAGAC	d__Bacteria	p__Bacillota_A_368345	c__Clostridia_258483	o__Clostridiales	f__Clostridiaceae_222000	g__Clostridium_T	s__celatum
